источник,город,управляющая_компания,дата_отзыва,ссылка,суть_своими_словами,не_знаю_статус_срок,закрыли_но_не_сделали,не_дозвониться_не_отвечают,повторные_обращения,долгое_устранение,обращение_в_другие_органы,положительный
2ГИС,Казань,УК ЖКХ Московского района,2026-08-09,https://2gis.ru/kazan/firm/2956015536447440/tab/reviews,"стояк ГВС течёт с конца июня, мер не принимают",0,0,0,0,1,0,0
2ГИС,Казань,УК ЖКХ Московского района,2026-09-17,https://2gis.ru/kazan/firm/2956015536447440/tab/reviews,"третий день нет воды, трубки не берут, жалоба в департамент",0,0,1,0,1,1,0
2ГИС,Казань,УК ЖКХ Московского района,2025-03-04,https://2gis.ru/kazan/firm/2956015536447440/tab/reviews,"сантехник обещает и не приходит, закрывает заявку; заявку открывают заново по кругу",0,1,0,1,1,0,0
2ГИС,Казань,УК ЖКХ Московского района,2025-08-13,https://2gis.ru/kazan/firm/2956015536447440/tab/reviews,общая негативная оценка без деталей,0,0,0,0,0,0,0
2ГИС,Казань,УК ЖКХ Московского района,2025-06-25,https://2gis.ru/kazan/firm/2956015536447440/tab/reviews,положительный: помогли в юридическом отделе,0,0,0,0,0,0,1
2ГИС,Казань,УК ЖКХ Московского района,2025-05-23,https://2gis.ru/kazan/firm/2956015536447440/tab/reviews,на звонки не отвечают,0,0,1,0,0,0,0
2ГИС,Казань,УК ЖКХ Московского района,2024-12-12,https://2gis.ru/kazan/firm/2956015536447440/tab/reviews,положительный: вежливо объяснили,0,0,0,0,0,0,1
2ГИС,Казань,УК ЖКХ Московского района,2025-09-29,https://2gis.ru/kazan/firm/2956015536447440/tab/reviews,"прорвало батарею, диспетчер не берёт трубку, пришлось звонить в 112",0,0,1,0,0,1,0
2ГИС,Казань,УК ЖКХ Московского района,2026-02-18,https://2gis.ru/kazan/firm/2956015536447440/tab/reviews,"снег под окнами, до УК не дозвониться, заявка в «Открытую Казань»",0,0,1,0,0,1,0
2ГИС,Казань,УК ЖКХ Московского района,2026-05-29,https://2gis.ru/kazan/firm/2956015536447440/tab/reviews,без описания проблемы,0,0,0,0,0,0,0
2ГИС,Казань,УК ЖКХ Московского района,2026-02-22,https://2gis.ru/kazan/firm/2956015536447440/tab/reviews,положительный: хорошо убрали снег,0,0,0,0,0,0,1
2ГИС,Казань,УК ЖКХ Московского района,2026-02-18,https://2gis.ru/kazan/firm/2956015536447440/tab/reviews,положительный: помогли на приёме,0,0,0,0,0,0,1
2ГИС,Казань,УК ЖКХ Московского района,2026-02-15,https://2gis.ru/kazan/firm/2956015536447440/tab/reviews,положительный: быстро реагируют на обращения,0,0,0,0,0,0,1
2ГИС,Казань,УК ЖКХ Московского района,2025-12-01,https://2gis.ru/kazan/firm/2956015536447440/tab/reviews,три месяца нет горячей воды после отключения,0,0,0,0,1,0,0
2ГИС,Казань,УК ЖКХ Московского района,2025-11-11,https://2gis.ru/kazan/firm/2956015536447440/tab/reviews,"эмоциональный отзыв, угроза прокуратурой",0,0,0,0,0,1,0
2ГИС,Казань,УК ЖКХ Московского района,2025-10-04,https://2gis.ru/kazan/firm/2956015536447440/tab/reviews,"прорыв трубы больше 8 часов, непонятно, когда приедет бригада",1,0,0,0,1,0,0
2ГИС,Казань,УК ЖКХ Московского района,2025-10-02,https://2gis.ru/kazan/firm/2956015536447440/tab/reviews,эмоциональный отзыв без деталей,0,0,0,0,0,0,0
2ГИС,Казань,УК ЖКХ Московского района,2025-09-20,https://2gis.ru/kazan/firm/2956015536447440/tab/reviews,работу УК пришлось оплатить частнику,0,0,0,0,0,0,0
2ГИС,Казань,УК ЖКХ Московского района,2025-08-29,https://2gis.ru/kazan/firm/2956015536447440/tab/reviews,"аварийка отправляет в водоканал, когда приедут — не знают, узнавать самим",1,0,1,0,0,1,0
2ГИС,Казань,УК ЖКХ Московского района,2025-08-28,https://2gis.ru/kazan/firm/2956015536447440/tab/reviews,"отключают воду, телефон не берут",0,0,1,0,0,0,0
2ГИС,Казань,УК ЖКХ Московского района,2025-07-28,https://2gis.ru/kazan/firm/2956015536447440/tab/reviews,"диспетчер кладёт трубку, при повторных звонках не берут, не в первый раз",0,0,1,1,0,0,0
2ГИС,Казань,УК ЖКХ Московского района,2024-06-11,https://2gis.ru/kazan/firm/2956015536447440/tab/reviews,"мусорные баки перенесли под окна, собираются жаловаться в надзор",0,0,0,0,0,1,0
2ГИС,Казань,УК ЖКХ Московского района,2024-03-11,https://2gis.ru/kazan/firm/2956015536447440/tab/reviews,"кровля течёт четвёртый год, заявки в «Открытой Казани» игнорируются",0,0,0,1,1,1,0
2ГИС,Казань,УК ЖКХ Московского района,2024-02-06,https://2gis.ru/kazan/firm/2956015536447440/tab/reviews,не убирают подъезд и двор,0,0,0,0,0,0,0
2ГИС,Казань,УК ЖКХ Московского района,2026-02-09,https://2gis.ru/kazan/firm/2956015536447440/tab/reviews,общая негативная оценка,0,0,0,0,0,0,0
2ГИС,Казань,УК ЖКХ Московского района,2026-01-17,https://2gis.ru/kazan/firm/2956015536447440/tab/reviews,нет уборки,0,0,0,0,0,0,0
2ГИС,Казань,УК ЖКХ Московского района,2025-11-18,https://2gis.ru/kazan/firm/2956015536447440/tab/reviews,положительный,0,0,0,0,0,0,1
2ГИС,Казань,УК ЖКХ Московского района,2025-07-25,https://2gis.ru/kazan/firm/2956015536447440/tab/reviews,диспетчер сбрасывает звонки,0,0,1,0,0,0,0
2ГИС,Казань,УК ЖКХ Московского района,2025-06-03,https://2gis.ru/kazan/firm/2956015536447440/tab/reviews,"проблемы с водой несколько раз в год, ничего не меняется",0,0,0,1,1,0,0
2ГИС,Казань,УК ЖКХ Московского района,2025-05-27,https://2gis.ru/kazan/firm/2956015536447440/tab/reviews,общая негативная оценка,0,0,0,0,0,0,0
2ГИС,Казань,УК ЖКХ Московского района,2025-03-02,https://2gis.ru/kazan/firm/2956015536447440/tab/reviews,"годами из крана ГВС течёт холодная вода, множество заявок, заявка висит месяц, что сделано — не объясняют",1,0,0,1,1,1,0
2ГИС,Казань,УК ЖКХ Московского района,2025-02-12,https://2gis.ru/kazan/firm/2956015536447440/tab/reviews,общая негативная оценка,0,0,0,0,0,0,0
2ГИС,Казань,УК ЖКХ Московского района,2025-01-28,https://2gis.ru/kazan/firm/2956015536447440/tab/reviews,общая негативная оценка,0,0,0,0,0,0,0
2ГИС,Казань,УК ЖКХ Московского района,2025-01-25,https://2gis.ru/kazan/firm/2956015536447440/tab/reviews,общая негативная оценка,0,0,0,0,0,0,0
2ГИС,Казань,УК ЖКХ Московского района,2024-12-04,https://2gis.ru/kazan/firm/2956015536447440/tab/reviews,"часть проблем решили, по отоплению — обращение в прокуратуру",0,0,0,0,0,1,0
2ГИС,Казань,УК ЖКХ Московского района,2024-11-14,https://2gis.ru/kazan/firm/2956015536447440/tab/reviews,заявки в «Открытой Казани» не исполняются без жалобы в прокуратуру,0,0,0,0,1,1,0
2ГИС,Казань,УК Вахитовского района,2025-07-01,https://2gis.ru/kazan/firm/2956015536447431/tab/reviews,оскорбление без деталей,0,0,0,0,0,0,0
2ГИС,Казань,УК Вахитовского района,2026-09-21,https://2gis.ru/kazan/firm/2956015536447431/tab/reviews,"не отвечают, перенаправляют на другую линию",0,0,1,0,0,0,0
2ГИС,Казань,УК Вахитовского района,2026-09-21,https://2gis.ru/kazan/firm/2956015536447431/tab/reviews,"по любому вопросу тишина, сантехник — через месяц",0,0,1,0,1,0,0
2ГИС,Казань,УК Вахитовского района,2026-04-05,https://2gis.ru/kazan/firm/2956015536447431/tab/reviews,без описания проблемы,0,0,0,0,0,0,0
2ГИС,Казань,УК Вахитовского района,2026-02-19,https://2gis.ru/kazan/firm/2956015536447431/tab/reviews,"постоянно затапливает подвал, звонила много раз, обещают бригаду, ничего не происходит",0,0,1,1,1,0,0
2ГИС,Казань,УК Вахитовского района,2026-02-19,https://2gis.ru/kazan/firm/2956015536447431/tab/reviews,оператор сбрасывает звонки,0,0,1,0,0,0,0
2ГИС,Казань,УК Вахитовского района,2025-12-02,https://2gis.ru/kazan/firm/2956015536447431/tab/reviews,положительный: сделали площадку и крыльцо,0,0,0,0,0,0,1
2ГИС,Казань,УК Вахитовского района,2025-11-24,https://2gis.ru/kazan/firm/2956015536447431/tab/reviews,на звонки не отвечают,0,0,1,0,0,0,0
2ГИС,Казань,УК Вахитовского района,2025-10-12,https://2gis.ru/kazan/firm/2956015536447431/tab/reviews,"ремонта подъездов добиваются два года, нет отопления",0,0,0,0,1,0,0
2ГИС,Казань,УК Вахитовского района,2025-10-12,https://2gis.ru/kazan/firm/2956015536447431/tab/reviews,"весь день нет воды, отправляют в «Открытую Казань», сантехник недоступен",1,0,1,0,1,1,0
2ГИС,Казань,УК Вахитовского района,2025-10-10,https://2gis.ru/kazan/firm/2956015536447431/tab/reviews,"перенаправляют между номерами, сбрасывают",0,0,1,0,0,0,0
2ГИС,Казань,УК Вахитовского района,2025-10-10,https://2gis.ru/kazan/firm/2956015536447431/tab/reviews,"аварийное отключение воды, диспетчер не объяснила сроки",1,0,0,0,0,0,0
2ГИС,Казань,УК Вахитовского района,2025-09-30,https://2gis.ru/kazan/firm/2956015536447431/tab/reviews,не дозвониться; заявки на свет на площадке и окно висят месяц без результата,1,0,1,0,1,0,0
2ГИС,Казань,УК Вахитовского района,2026-01-28,https://2gis.ru/kazan/firm/2956015536447431/tab/reviews,общая негативная оценка,0,0,0,0,0,0,0
2ГИС,Казань,УК Вахитовского района,2025-08-11,https://2gis.ru/kazan/firm/2956015536447431/tab/reviews,"не дозвониться, нет холодной воды",0,0,1,0,0,0,0
2ГИС,Казань,УК Вахитовского района,2025-08-07,https://2gis.ru/kazan/firm/2956015536447431/tab/reviews,"света нет несколько часов, заявка подана, УК не отвечает",1,0,1,0,0,0,0
2ГИС,Казань,УК Вахитовского района,2025-07-20,https://2gis.ru/kazan/firm/2956015536447431/tab/reviews,положительный: быстро отремонтировали лестницу,0,0,0,0,0,0,1
2ГИС,Казань,УК Вахитовского района,2025-05-01,https://2gis.ru/kazan/firm/2956015536447431/tab/reviews,дверь во двор закрыли на замок,0,0,0,0,0,0,0
2ГИС,Казань,УК Вахитовского района,2025-04-22,https://2gis.ru/kazan/firm/2956015536447431/tab/reviews,угроза без деталей,0,0,0,0,0,0,0
2ГИС,Казань,УК Вахитовского района,2025-03-07,https://2gis.ru/kazan/firm/2956015536447431/tab/reviews,"нет отопления; заявку закрыли как выполненную, по факту не включено; в УК не дозвониться",0,1,1,0,0,1,0
2ГИС,Казань,УК Вахитовского района,2025-02-27,https://2gis.ru/kazan/firm/2956015536447431/tab/reviews,грубость диспетчера,0,0,0,0,0,0,0
2ГИС,Казань,УК Вахитовского района,2025-01-03,https://2gis.ru/kazan/firm/2956015536447431/tab/reviews,"годами течёт крыша, отчёты о работах присылают, проблему не решают",0,1,0,1,1,0,0
2ГИС,Казань,УК Вахитовского района,2024-10-25,https://2gis.ru/kazan/firm/2956015536447431/tab/reviews,"две недели нет отопления, жалобу не приняли, обращение в жилинспекцию",0,0,1,0,1,1,0
2ГИС,Казань,УК Вахитовского района,2024-10-10,https://2gis.ru/kazan/firm/2956015536447431/tab/reviews,"проблему не приняли, отправили в «Открытую Казань»",0,0,1,0,0,1,0
2ГИС,Казань,УК Вахитовского района,2024-09-12,https://2gis.ru/kazan/firm/2956015536447431/tab/reviews,трубку не поднимают,0,0,1,0,0,0,0
2ГИС,Казань,УК Вахитовского района,2024-09-05,https://2gis.ru/kazan/firm/2956015536447431/tab/reviews,"два часа не берут трубку, заявки исполняют годами",0,0,1,0,1,0,0
2ГИС,Казань,УК Вахитовского района,2024-09-03,https://2gis.ru/kazan/firm/2956015536447431/tab/reviews,"не дозвониться, заявка больше месяца без реакции",1,0,1,0,1,0,0
2ГИС,Казань,УК Вахитовского района,2024-08-26,https://2gis.ru/kazan/firm/2956015536447431/tab/reviews,не дозвониться до приёмной,0,0,1,0,0,0,0
2ГИС,Казань,УК Вахитовского района,2024-04-22,https://2gis.ru/kazan/firm/2956015536447431/tab/reviews,"заявки игнорируют, трубку не берут",0,0,1,0,1,0,0
2ГИС,Казань,УК Вахитовского района,2024-04-01,https://2gis.ru/kazan/firm/2956015536447431/tab/reviews,"закрывают заявки, не выполнив",0,1,0,0,0,1,0
2ГИС,Казань,УК Вахитовского района,2024-03-27,https://2gis.ru/kazan/firm/2956015536447431/tab/reviews,"не берут трубку, в квартиру течёт вода",0,0,1,0,0,0,0
